Tube Line,From Station,To Station
Bakerloo,Baker Street,Regents Park
Bakerloo,Paddington,Edgware Road (Bakerloo)
Bakerloo,Piccadilly Circus,Charing Cross
Bakerloo,Queens Park,Kilburn Park
Bakerloo,Regents Park,Oxford Circus
Bakerloo,South Kenton,North Wembley
Bakerloo,Stonebridge Park,Harlesden
Bakerloo,Warwick Avenue,Paddington
Bakerloo,Waterloo,Lambeth North
Bakerloo,Wembley Central,Stonebridge Park
Bakerloo,Willesden Junction,Kensal Green
Bakerloo,Oxford Circus,Piccadilly Circus
Bakerloo,North Wembley,Wembley Central
Bakerloo,Marylebone,Baker Street
Bakerloo,Charing Cross,Embankment
Bakerloo,Edgware Road (Bakerloo),Marylebone
Bakerloo,Embankment,Waterloo
Bakerloo,Harlesden,Willesden Junction
Bakerloo,Harrow and Wealdstone,Kenton
Bakerloo,Kensal Green,Queens Park
Bakerloo,Kenton,South Kenton
Bakerloo,Kilburn Park,Maida Vale
Bakerloo,Lambeth North,Elephant and Castle
Bakerloo,Maida Vale,Warwick Avenue
C2C,Liverpool Street,Stratford
C2C,Ockendon,Chafford Hundred
C2C,Stratford,Barking
C2C,Upminster,Ockendon
C2C,West Ham,Barking
C2C,Limehouse,West Ham
C2C,Fenchurch Street,Stratford
C2C,Barking,Dagenham Dock
C2C,Barking,Upminster
C2C,Dagenham Dock,Purfleet
C2C,Dagenham Dock,Rainham
C2C,Fenchurch Street,Limehouse
Central,Redbridge,Gants Hill
Central,Queensway,Notting Hill Gate
Central,Perivale,Greenford
Central,Oxford Circus,Bond Street
Central,Notting Hill Gate,Holland Park
Central,Northolt,South Ruislip
Central,North Acton,West Acton
Central,North Acton,Hanger Lane
Central,Newbury Park,Barkingside
Central,Mile End,Bethnal Green
Central,Ruislip Gardens,West Ruislip
Central,Shepherds Bush,White City
Central,Snaresbrook,Leytonstone
Central,Woodford,South Woodford
Central,White City,East Acton
Central,West Acton,Ealing Broadway
Central,Wanstead,Redbridge
Central,Tottenham Court Road,Oxford Circus
Central,Theydon Bois,Debden
Central,Stratford,Mile End
Central,St. Pauls,Chancery Lane
Central,South Woodford,Snaresbrook
Central,South Ruislip,Ruislip Gardens
Central,Marble Arch,Lancaster Gate
Central,Loughton,Buckhurst Hill
Central,Epping,Theydon Bois
Central,East Acton,North Acton
Central,Debden,Loughton
Central,Chigwell,Roding Valley
Central,Chancery Lane,Holborn
Central,Buckhurst Hill,Woodford
Central,Bond Street,Marble Arch
Central,Bethnal Green,Liverpool Street
Central,Barkingside,Fairlop
Central,Bank,St. Pauls
Central,Fairlop,Hainault
Central,Gants Hill,Newbury Park
Central,Grange Hill,Chigwell
Central,Liverpool Street,Bank
Central,Leytonstone,Wanstead
Central,Leytonstone,Leyton
Central,Leyton,Stratford
Central,Lancaster Gate,Queensway
Central,Holland Park,Shepherds Bush
Central,Holborn,Tottenham Court Road
Central,Hanger Lane,Perivale
Central,Hainault,Grange Hill
Central,Greenford,Northolt
Chiltern Railways,Rickmansworth,Chorleywood
Chiltern Railways,South Ruislip,West Ruislip
Chiltern Railways,Sudbury and Harrow Road,Sudbury Hill Harrow
Chiltern Railways,Sudbury Hill Harrow,Northolt Park
Chiltern Railways,Wembley Stadium,Sudbury and Harrow Road
Chiltern Railways,Paddington,South Ruislip
Chiltern Railways,Northolt Park,South Ruislip
Chiltern Railways,Marylebone,Wembley Stadium
Chiltern Railways,Marylebone,Harrow-on-the-Hill
Chiltern Railways,Harrow-on-the-Hill,Rickmansworth
Chiltern Railways,Chorleywood,Chalfont and Latimer
Chiltern Railways,Chalfont and Latimer,Amersham
Circle,Shepherds Bush Market,Wood Lane
Circle,Royal Oak,Paddington
Circle,Paddington,Edgware Road (Circle/District/Hammersmith and City)
Circle,Notting Hill Gate,Bayswater
Circle,Moorgate,Liverpool Street
Circle,Monument,Cannon Street
Circle,Mansion House,Blackfriars
Circle,Sloane Square,South Kensington
Circle,South Kensington,Gloucester Road
Circle,St. James's Park,Victoria
Circle,Temple,Embankment
Circle,Tower Hill,Monument
Circle,Victoria,Sloane Square
Circle,Westbourne Park,Royal Oak
Circle,Westminster,St. James's Park
Circle,Wood Lane,Latimer Road
Circle,Liverpool Street,Aldgate
Circle,Latimer Road,Ladbroke Grove
Circle,Ladbroke Grove,Westbourne Park
Circle,Aldgate,Tower Hill
Circle,Baker Street,Great Portland Street
Circle,Barbican,Moorgate
Circle,Bayswater,Paddington
Circle,Blackfriars,Temple
Circle,Cannon Street,Mansion House
Circle,Edgware Road (Circle/District/Hammersmith and City),Baker Street
Circle,Embankment,Westminster
Circle,Euston Square,Kings Cross St. Pancras
Circle,Kings Cross St. Pancras,Farringdon
Circle,High Street Kensington,Notting Hill Gate
Circle,Hammersmith (Met.),Goldhawk Road
Circle,Great Portland Street,Euston Square
Circle,Goldhawk Road,Shepherds Bush Market
Circle,Gloucester Road,High Street Kensington
Circle,Farringdon,Barbican
District,Stamford Brook,Turnham Green
District,St. James's Park,Victoria
District,Southfields,Wimbledon Park
District,South Kensington,Gloucester Road
District,Sloane Square,South Kensington
District,Ravenscourt Park,Stamford Brook
District,Putney Bridge,East Putney
District,Plaistow,West Ham
District,Parsons Green,Putney Bridge
District,Paddington,Edgware Road (Circle/District/Hammersmith and City)
District,Notting Hill Gate,Bayswater
District,Monument,Cannon Street
District,Mansion House,Blackfriars
District,Stepney Green,Whitechapel
District,Temple,Embankment
District,Tower Hill,Monument
District,Whitechapel,Aldgate East
District,Westminster,St. James's Park
District,West Kensington,Barons Court
District,West Ham,Bromley-by-Bow
District,West Brompton,Fulham Broadway
District,Victoria,Sloane Square
District,Upton Park,Plaistow
District,Upney,Barking
District,Upminster Bridge,Hornchurch
District,Upminster,Upminster Bridge
District,Turnham Green,Gunnersbury
District,Turnham Green,Chiswick Park
District,Wimbledon Park,Wimbledon
District,Kew Gardens,Richmond
District,Acton Town,Ealing Common
District,Dagenham East,Dagenham Heathway
District,Chiswick Park,Acton Town
District,Cannon Street,Mansion House
District,Bromley-by-Bow,Bow Road
District,Bow Road,Bow Church
District,Bow Church,Stepney Green
District,Blackfriars,Temple
District,Becontree,Upney
District,Bayswater,Paddington
District,Barons Court,Hammersmith (District)
District,Barking,East Ham
District,Aldgate East,Tower Hill
District,Dagenham Heathway,Becontree
District,Ealing Common,Ealing Broadway
District,Earls Court,High Street Kensington
District,Hornchurch,Elm Park
District,High Street Kensington,Notting Hill Gate
District,Hammersmith (District),Ravenscourt Park
District,Gunnersbury,Kew Gardens
District,Gloucester Road,Earls Court
District,Fulham Broadway,Parsons Green
District,Embankment,Westminster
District,Elm Park,Dagenham East
District,Earls Court,Kensington (Olympia)
District,Earls Court,West Brompton
District,Earls Court,West Kensington
District,East Ham,Upton Park
District,East Putney,Southfields
DLR,Royal Victoria,Custom House
DLR,Royal Albert,Beckton Park
DLR,Pudding Mill Lane,Bow Church
DLR,Prince Regent,Royal Albert
DLR,Poplar,Westferry
DLR,Poplar,West India Quay
DLR,Poplar,Blackwall
DLR,Pontoon Dock,London City Airport
DLR,Mudchute,Island Gardens
DLR,Shadwell,Bank
DLR,Shadwell,Tower Gateway
DLR,South Quay,Crossharbour and London Arena
DLR,Westferry,Limehouse
DLR,West Silvertown,Pontoon Dock
DLR,West India Quay,Canary Wharf
DLR,West Ham,Star Lane
DLR,Stratford International,Stratford
DLR,Stratford High Street,Abbey Road
DLR,Stratford,Stratford High Street
DLR,Stratford,Pudding Mill Lane
DLR,Star Lane,Canning Town
DLR,London City Airport,King George V
DLR,Limehouse,Shadwell
DLR,Langdon Park,All Saints
DLR,Crossharbour and London Arena,Mudchute
DLR,Canning Town,West Silvertown
DLR,Canning Town,Royal Victoria
DLR,Canary Wharf,Heron Quays
DLR,Bow Church,Devons Road
DLR,Blackwall,East India
DLR,Beckton Park,Cyprus
DLR,All Saints,Poplar
DLR,Abbey Road,West Ham
DLR,Custom House,Prince Regent
DLR,Cutty Sark for Maritime Greenwich,Greenwich
DLR,Cyprus,Gallions Reach
DLR,King George V,Woolwich Arsenal
DLR,Island Gardens,Cutty Sark for Maritime Greenwich
DLR,Heron Quays,South Quay
DLR,Greenwich,Deptford Bridge
DLR,Gallions Reach,Beckton
DLR,Elverson Road,Lewisham
DLR,East India,Canning Town
DLR,Devons Road,Langdon Park
DLR,Deptford Bridge,Elverson Road
Great Northern,Hornsey,Alexandra Palace
Great Northern,King's Cross,Finsbury Park
Great Northern,Moorgate,Old Street
Great Northern,New Barnet,Hadley Wood
Great Northern,New Southgate,Oakleigh Park
Great Northern,Oakleigh Park,New Barnet
Great Northern,Old Street,Essex Road
Great Northern,Palmers Green,Winchmore Hill
Great Northern,Winchmore Hill,Grange Park
Great Northern,Highbury and Islington,Drayton Park
Great Northern,Harringay,Hornsey
Great Northern,Alexandra Palace,Bowes Park
Great Northern,Alexandra Palace,New Southgate
Great Northern,Bowes Park,Palmers Green
Great Northern,Drayton Park,Finsbury Park
Great Northern,Enfield Chase,Gordon Hill
Great Northern,Essex Road,Highbury and Islington
Great Northern,Finsbury Park,Harringay
Great Northern,Gordon Hill,Crews Hill
Great Northern,Grange Park,Enfield Chase
Great Western,West Ealing,Hanwell
Great Western,West Ealing,Drayton Green
Great Western,Southall,Hayes and Harlington
Great Western,South Greenford,Greenford
Great Western,Paddington,Acton Main Line
Great Western,Hayes and Harlington,West Drayton
Great Western,Hanwell,Southall
Great Western,Ealing Broadway,West Ealing
Great Western,Drayton Green,Castle Bar Park
Great Western,Castle Bar Park,South Greenford
Great Western,Acton Main Line,Ealing Broadway
Greater Anglia,Romford,Gidea Park
Greater Anglia,Ponders End,Brimsdown
Greater Anglia,Northumberland Park,Angel Road
Greater Anglia,Liverpool Street,Stratford
Greater Anglia,Seven Kings,Romford
Greater Anglia,Seven Sisters,Edmonton Green
Greater Anglia,Stratford,Lea Bridge
Greater Anglia,Stratford,Seven Kings
Greater Anglia,Tottenham Hale,Northumberland Park
Greater Anglia,Waltham Cross,Cheshunt
Greater Anglia,Liverpool Street,Hackney Downs
Greater Anglia,Lea Bridge,Tottenham Hale
Greater Anglia,Angel Road,Ponders End
Greater Anglia,Brentwood,Shenfield
Greater Anglia,Brimsdown,Enfield Lock
Greater Anglia,Cheshunt,Broxbourne
Greater Anglia,Edmonton Green,Cheshunt
Greater Anglia,Enfield Lock,Waltham Cross
Greater Anglia,Gidea Park,Harold Wood
Greater Anglia,Hackney Downs,Seven Sisters
Greater Anglia,Hackney Downs,Tottenham Hale
Greater Anglia,Harold Wood,Brentwood
Hammersmith and City,Euston Square,Kings Cross St. Pancras
Hammersmith and City,Farringdon,Barbican
Hammersmith and City,Goldhawk Road,Shepherds Bush Market
Hammersmith and City,Great Portland Street,Euston Square
Hammersmith and City,Hammersmith (Met.),Goldhawk Road
Hammersmith and City,Edgware Road (Circle/District/Hammersmith and City),Baker Street
Hammersmith and City,East Ham,Barking
Hammersmith and City,Bromley-by-Bow,West Ham
Hammersmith and City,Bow Road,Bromley-by-Bow
Hammersmith and City,Barbican,Moorgate
Hammersmith and City,Baker Street,Great Portland Street
Hammersmith and City,Aldgate East,Whitechapel
Hammersmith and City,Kings Cross St. Pancras,Farringdon
Hammersmith and City,Ladbroke Grove,Westbourne Park
Hammersmith and City,Wood Lane,Latimer Road
Hammersmith and City,Whitechapel,Stepney Green
Hammersmith and City,Westbourne Park,Royal Oak
Hammersmith and City,West Ham,Plaistow
Hammersmith and City,Upton Park,East Ham
Hammersmith and City,Stepney Green,Mile End
Hammersmith and City,Shepherds Bush Market,Wood Lane
Hammersmith and City,Royal Oak,Paddington
Hammersmith and City,Latimer Road,Ladbroke Grove
Hammersmith and City,Liverpool Street,Aldgate East
Hammersmith and City,Mile End,Bow Road
Hammersmith and City,Moorgate,Liverpool Street
Hammersmith and City,Paddington,Edgware Road (Circle/District/Hammersmith and City)
Hammersmith and City,Plaistow,Upton Park
Heathrow Connect,West Ealing,Hanwell
Heathrow Connect,Southall,Hayes and Harlington
Heathrow Connect,Paddington,Ealing Broadway
Heathrow Connect,Heathrow Terminals 1 2 3,Heathrow Terminal 5
Heathrow Connect,Heathrow Terminals 1 2 3,Heathrow Terminal 4
Heathrow Connect,Hayes and Harlington,Heathrow Terminals 1 2 3
Heathrow Connect,Hanwell,Southall
Heathrow Connect,Ealing Broadway,West Ealing
Heathrow Express,Paddington,Heathrow Terminals 1 2 3
Heathrow Express,Heathrow Terminals 1 2 3,Heathrow Terminal 5
Heathrow Express,Heathrow Terminals 1 2 3,Heathrow Terminal 4
Jubilee,North Greenwich,Canning Town
Jubilee,Queensbury,Kingsbury
Jubilee,Southwark,London Bridge
Jubilee,St. Johns Wood,Baker Street
Jubilee,Stanmore,Canons Park
Jubilee,Swiss Cottage,St. Johns Wood
Jubilee,Waterloo,Southwark
Jubilee,Wembley Park,Neasden
Jubilee,West Ham,Stratford
Jubilee,West Hampstead,Finchley Road
Jubilee,Westminster,Waterloo
Jubilee,Willesden Green,Kilburn
Jubilee,Neasden,Dollis Hill
Jubilee,London Bridge,Bermondsey
Jubilee,Baker Street,Bond Street
Jubilee,Bermondsey,Canada Water
Jubilee,Bond Street,Green Park
Jubilee,Canada Water,Canary Wharf
Jubilee,Canary Wharf,North Greenwich
Jubilee,Canning Town,West Ham
Jubilee,Canons Park,Queensbury
Jubilee,Dollis Hill,Willesden Green
Jubilee,Finchley Road,Swiss Cottage
Jubilee,Green Park,Westminster
Jubilee,Kilburn,West Hampstead
Jubilee,Kingsbury,Wembley Park
London Midland,Wembley Central,Harrow and Wealdstone
London Midland,Harrow and Wealdstone,Bushey
London Midland,Euston,Wembley Central
London Midland,Bushey,Watford Junction
Metropolitan,Liverpool Street,Moorgate
Metropolitan,Moor Park,Croxley
Metropolitan,Moor Park,Rickmansworth
Metropolitan,Moorgate,Barbican
Metropolitan,North Harrow,Pinner
Metropolitan,Northwick Park,Harrow-on-the-Hill
Metropolitan,Northwood,Moor Park
Metropolitan,Northwood Hills,Northwood
Metropolitan,Pinner,Northwood Hills
Metropolitan,Preston Road,Northwick Park
Metropolitan,Rickmansworth,Chorleywood
Metropolitan,Ruislip,Ickenham
Metropolitan,Ruislip Manor,Ruislip
Metropolitan,Wembley Park,Preston Road
Metropolitan,West Harrow,Eastcote
Metropolitan,Kings Cross St. Pancras,Euston Square
Metropolitan,Ickenham,Hillingdon
Metropolitan,Aldgate,Liverpool Street
Metropolitan,Baker Street,Finchley Road
Metropolitan,Barbican,Farringdon
Metropolitan,Chalfont and Latimer,Amersham
Metropolitan,Chalfont and Latimer,Chesham
Metropolitan,Chorleywood,Chalfont and Latimer
Metropolitan,Croxley,Watford
Metropolitan,Eastcote,Ruislip Manor
Metropolitan,Euston Square,Great Portland Street
Metropolitan,Hillingdon,Uxbridge
Metropolitan,Harrow-on-the-Hill,West Harrow
Metropolitan,Harrow-on-the-Hill,North Harrow
Metropolitan,Great Portland Street,Baker Street
Metropolitan,Finchley Road,Wembley Park
Metropolitan,Farringdon,Kings Cross St. Pancras
Northern,Morden,South Wimbledon
Northern,Moorgate,Old Street
Northern,London Bridge,Bank
Northern,Leicester Square,Tottenham Court Road
Northern,Kings Cross St. Pancras,Euston
Northern,Kentish Town,Tufnell Park
Northern,Kennington,Waterloo
Northern,Kennington,Elephant and Castle
Northern,Highgate,East Finchley
Northern,Hendon Central,Colindale
Northern,Hampstead,Golders Green
Northern,Mornington Crescent,Camden Town
Northern,Old Street,Angel
Northern,Oval,Kennington
Northern,West Finchley,Woodside Park
Northern,Waterloo,Embankment
Northern,Warren Street,Euston
Northern,Tufnell Park,Archway
Northern,Totteridge and Whetstone,High Barnet
Northern,Tottenham Court Road,Goodge Street
Northern,Tooting Broadway,Tooting Bec
Northern,Tooting Bec,Balham
Northern,Stockwell,Oval
Northern,South Wimbledon,Colliers Wood
Northern,Woodside Park,Totteridge and Whetstone
Northern,Goodge Street,Warren Street
Northern,Golders Green,Brent Cross
Northern,Chalk Farm,Belsize Park
Northern,Camden Town,Kentish Town
Northern,Camden Town,Chalk Farm
Northern,Burnt Oak,Edgware
Northern,Brent Cross,Hendon Central
Northern,Borough,London Bridge
Northern,Belsize Park,Hampstead
Northern,Bank,Moorgate
Northern,Balham,Clapham South
Northern,Archway,Highgate
Northern,Angel,Kings Cross St. Pancras
Northern,Charing Cross,Leicester Square
Northern,Clapham Common,Clapham North
Northern,Finchley Central,West Finchley
Northern,Euston,Mornington Crescent
Northern,Euston,Camden Town
Northern,Embankment,Charing Cross
Northern,Elephant and Castle,Borough
Northern,East Finchley,Mill Hill East
Northern,East Finchley,Finchley Central
Northern,Colliers Wood,Tooting Broadway
Northern,Colindale,Burnt Oak
Northern,Clapham South,Clapham Common
Northern,Clapham North,Stockwell
Overground,Silver Street,Edmonton Green
Overground,Shoreditch High Street,Whitechapel
Overground,Shepherds Bush,Kensington (Olympia)
Overground,Shadwell,Wapping
Overground,Seven Sisters,Bruce Grove
Overground,South Acton,Acton Central
Overground,South Hampstead,Euston
Overground,South Kenton,North Wembley
Overground,South Tottenham,Blackhorse Road
Overground,Southbury,Turkey Street
Overground,St James Street,Walthamstow Central
Overground,Stamford Hill,Seven Sisters
Overground,Rotherhithe,Canada Water
Overground,Romford,Emerson Park
Overground,Richmond,Kew Gardens
Overground,Leytonstone High Road,Wanstead Park
Overground,Liverpool Street,Bethnal Green
Overground,London Fields,Hackney Downs
Overground,New Cross Gate,Brockley
Overground,North Wembley,Wembley Central
Overground,Norwood Junction,West Croydon
Overground,Peckham Rye,Denmark Hill
Overground,Penge West,Anerley
Overground,Queens Park,Kilburn High Road
Overground,Queens Road Peckham,Peckham Rye
Overground,Rectory Road,Stoke Newington
Overground,Leyton Midland Road,Leytonstone High Road
Overground,Stoke Newington,Stamford Hill
Overground,Watford High Street,Bushey
Overground,Watford Junction,Watford High Street
Overground,Wembley Central,Stonebridge Park
Overground,West Brompton,Imperial Wharf
Overground,West Hampstead,Finchley Road and Frognal
Overground,White Hart Lane,Silver Street
Overground,Whitechapel,Shadwell
Overground,Willesden Junction,Kensal Green
Overground,Willesden Junction,Kensal Rise
Overground,Willesden Junction,Shepherds Bush
Overground,Wood Street,Highams Park
Overground,Wapping,Rotherhithe
Overground,Wanstead Park,Woodgrange Park
Overground,Wandsworth Road,Clapham Junction
Overground,Stonebridge Park,Harlesden
Overground,Surrey Quays,New Cross
Overground,Surrey Quays,New Cross Gate
Overground,Surrey Quays,Queens Road Peckham
Overground,Sydenham,Crystal Palace
Overground,Sydenham,Penge West
Overground,Theobalds Grove,Cheshunt
Overground,Turkey Street,Theobalds Grove
Overground,Upper Holloway,Crouch Hill
Overground,Walthamstow Central,Wood Street
Overground,Walthamstow Queens Road,Leyton Midland Road
Overground,Woodgrange Park,Barking
Overground,Kilburn High Road,South Hampstead
Overground,Acton Central,Willesden Junction
Overground,Canonbury,Dalston Kingsland
Overground,Carpenders Park,Hatch End
Overground,Clapham High Street,Wandsworth Road
Overground,Clapton,St James Street
Overground,Crouch Hill,Harringay Green Lanes
Overground,Dalston Junction,Haggerston
Overground,Dalston Kingsland,Hackney Central
Overground,Denmark Hill,Clapham High Street
Overground,Edmonton Green,Bush Hill Park
Overground,Edmonton Green,Southbury
Overground,Emerson Park,Upminster
Overground,Canonbury,Dalston Junction
Overground,Canada Water,Surrey Quays
Overground,Camden Road,Caledonian Road and Barnsbury
Overground,Anerley,Norwood Junction
Overground,Bethnal Green,Cambridge Heath
Overground,Blackhorse Road,Walthamstow Queens Road
Overground,Brockley,Honor Oak Park
Overground,Brondesbury,West Hampstead
Overground,Brondesbury Park,Brondesbury
Overground,Bruce Grove,White Hart Lane
Overground,Bush Hill Park,Enfield Town
Overground,Bushey,Carpenders Park
Overground,Caledonian Road and Barnsbury,Highbury and Islington
Overground,Cambridge Heath,London Fields
Overground,Finchley Road and Frognal,Hampstead Heath
Overground,Kew Gardens,Gunnersbury
Overground,Highams Park,Chingford
Overground,Highbury and Islington,Canonbury
Overground,Homerton,Hackney Wick
Overground,Honor Oak Park,Forest Hill
Overground,Hoxton,Shoreditch High Street
Overground,Imperial Wharf,Clapham Junction
Overground,Kensal Green,Queens Park
Overground,Kensal Rise,Brondesbury Park
Overground,Kensington (Olympia),West Brompton
Overground,Kentish Town West,Camden Road
Overground,Kenton,South Kenton
Overground,Headstone Lane,Harrow and Wealdstone
Overground,Hatch End,Headstone Lane
Overground,Harrow and Wealdstone,Kenton
Overground,Forest Hill,Sydenham
Overground,Gospel Oak,Kentish Town West
Overground,Gospel Oak,Upper Holloway
Overground,Gunnersbury,South Acton
Overground,Hackney Central,Homerton
Overground,Hackney Downs,Clapton
Overground,Hackney Downs,Rectory Road
Overground,Harringay Green Lanes,South Tottenham
Overground,Harlesden,Willesden Junction
Overground,Hampstead Heath,Gospel Oak
Overground,Haggerston,Hoxton
Overground,Hackney Wick,Stratford
Piccadilly,Park Royal,Alperton
Piccadilly,Osterley,Hounslow East
Piccadilly,Oakwood,Southgate
Piccadilly,Northfields,Boston Manor
Piccadilly,North Ealing,Park Royal
Piccadilly,Manor House,Finsbury Park
Piccadilly,Leicester Square,Piccadilly Circus
Piccadilly,Knightsbridge,South Kensington
Piccadilly,Kings Cross St. Pancras,Russell Square
Piccadilly,Ickenham,Hillingdon
Piccadilly,Hyde Park Corner,Knightsbridge
Piccadilly,Piccadilly Circus,Green Park
Piccadilly,Rayners Lane,Eastcote
Piccadilly,Ruislip,Ickenham
Piccadilly,Wood Green,Turnpike Lane
Piccadilly,Turnpike Lane,Manor House
Piccadilly,Turnham Green,Acton Town
Piccadilly,Sudbury Town,Sudbury Hill
Piccadilly,Southgate,Arnos Grove
Piccadilly,South Kensington,Gloucester Road
Piccadilly,South Harrow,Sudbury Hill
Piccadilly,South Harrow,Rayners Lane
Piccadilly,South Ealing,Northfields
Piccadilly,Russell Square,Holborn
Piccadilly,Ruislip Manor,Ruislip
Piccadilly,Hounslow West,Hatton Cross
Piccadilly,Hounslow East,Hounslow Central
Piccadilly,Hounslow Central,Hounslow West
Piccadilly,Ealing Common,North Ealing
Piccadilly,Covent Garden,Leicester Square
Piccadilly,Cockfosters,Oakwood
Piccadilly,Caledonian Road,Kings Cross St. Pancras
Piccadilly,Bounds Green,Wood Green
Piccadilly,Boston Manor,Osterley
Piccadilly,Barons Court,Hammersmith (District)
Piccadilly,Arsenal,Holloway Road
Piccadilly,Arnos Grove,Bounds Green
Piccadilly,Alperton,Sudbury Town
Piccadilly,Acton Town,South Ealing
Piccadilly,Earls Court,Barons Court
Piccadilly,Eastcote,Ruislip Manor
Piccadilly,Holloway Road,Caledonian Road
Piccadilly,Holborn,Covent Garden
Piccadilly,Hillingdon,Uxbridge
Piccadilly,Heathrow Terminals 1 2 3,Heathrow Terminal 5
Piccadilly,Heathrow Terminals 1 2 3,Heathrow Terminal 4
Piccadilly,Hatton Cross,Heathrow Terminals 1 2 3
Piccadilly,Hatton Cross,Heathrow Terminal 4
Piccadilly,Hammersmith (District),Turnham Green
Piccadilly,Green Park,Hyde Park Corner
Piccadilly,Gloucester Road,Earls Court
Piccadilly,Finsbury Park,Arsenal
Piccadilly,Acton Town,Ealing Common
South Western,Worcester Park,Stoneleigh
South Western,Syon Lane,Brentford
South Western,Surbiton,Thames Ditton
South Western,Strawberry Hill,Twickenham
South Western,Stoneleigh,Ewell West
South Western,St Margarets,Richmond
South Western,Richmond,North Sheen
South Western,Raynes Park,New Malden
South Western,Raynes Park,Motspur Park
South Western,Queenstown Road,Clapham Junction
South Western,Teddington,Fulwell
South Western,Teddington,Strawberry Hill
South Western,Wimbledon,Raynes Park
South Western,Whitton,Feltham
South Western,Waterloo,Vauxhall
South Western,Wandsworth Town,Clapham Junction
South Western,Vauxhall,Queenstown Road
South Western,Twickenham,Whitton
South Western,Twickenham,St Margarets
South Western,Tolworth,Chessington North
South Western,Thames Ditton,Hampton Court
South Western,Putney,Wandsworth Town
South Western,North Sheen,Mortlake
South Western,Norbiton,Kingston
South Western,Feltham,Hounslow
South Western,Earlsfield,Wimbledon
South Western,Clapham Junction,Earlsfield
South Western,Chiswick,Barnes Bridge
South Western,Chessington North,Chessington South
South Western,Brentford,Kew Bridge
South Western,Berrylands,Surbiton
South Western,Barnes Bridge,Barnes
South Western,Barnes,Putney
South Western,Fulwell,Hampton
South Western,Hampton Wick,Teddington
South Western,Hounslow,Isleworth
South Western,New Malden,Norbiton
South Western,New Malden,Berrylands
South Western,Motspur Park,Worcester Park
South Western,Motspur Park,Malden Manor
South Western,Mortlake,Barnes
South Western,Malden Manor,Tolworth
South Western,Kingston,Hampton Wick
South Western,Kew Bridge,Chiswick
South Western,Isleworth,Syon Lane
Southeastern,Maze Hill,Westcombe Park
Southeastern,Mottingham,New Eltham
Southeastern,New Beckenham,Clock House
Southeastern,New Cross,St Johns
Southeastern,New Eltham,Sidcup
Southeastern,Nunhead,Lewisham
Southeastern,Orpington,Chelsfield
Southeastern,Lower Sydenham,New Beckenham
Southeastern,London Bridge,New Cross
Southeastern,London Bridge,Deptford
Southeastern,Lewisham,Ladywell
Southeastern,Lewisham,Hither Green
Southeastern,Lewisham,Blackheath
Southeastern,Lee,Mottingham
Southeastern,Ladywell,Catford Bridge
Southeastern,Kidbrooke,Eltham
Southeastern,Peckham Rye,Nunhead
Southeastern,Penge East,Kent House
Southeastern,Woolwich Arsenal,Plumstead
Southeastern,Westcombe Park,Charlton
Southeastern,West Wickham,Hayes
Southeastern,West Dulwich,Sydenham Hill
Southeastern,Welling,Bexleyheath
Southeastern,Waterloo East,London Bridge
Southeastern,Victoria,Denmark Hill
Southeastern,Victoria,Brixton
Southeastern,Sydenham Hill,Penge East
Southeastern,Sundridge Park,Bromley North
Southeastern,St Johns,Lewisham
Southeastern,Sidcup,Albany Park
Southeastern,Shortlands,Bromley South
Southeastern,Plumstead,Abbey Wood
Southeastern,Petts Wood,Orpington
Southeastern,Woolwich Dockyard,Woolwich Arsenal
Southeastern,Kent House,Beckenham Junction
Southeastern,Abbey Wood,Belvedere
Southeastern,Charing Cross,Waterloo East
Southeastern,Catford Bridge,Lower Sydenham
Southeastern,Cannon Street,London Bridge
Southeastern,Bromley South,Bickley
Southeastern,Brixton,Herne Hill
Southeastern,Blackheath,Kidbrooke
Southeastern,Blackheath,Charlton
Southeastern,Bickley,St Mary Cray
Southeastern,Bickley,Petts Wood
Southeastern,Bexleyheath,Barnehurst
Southeastern,Bexley,Crayford
Southeastern,Belvedere,Erith
Southeastern,Beckenham Junction,Shortlands
Southeastern,Barnehurst,Slade Green
Southeastern,Albany Park,Bexley
Southeastern,Charlton,Woolwich Dockyard
Southeastern,Chelsfield,Knockholt
Southeastern,Hither Green,Lee
Southeastern,Hither Green,Grove Park
Southeastern,Herne Hill,West Dulwich
Southeastern,Grove Park,Sundridge Park
Southeastern,Grove Park,Elmstead Woods
Southeastern,Greenwich,Maze Hill
Southeastern,Falconwood,Welling
Southeastern,Erith,Slade Green
Southeastern,Eltham,Falconwood
Southeastern,Chislehurst,Petts Wood
Southeastern,Clock House,Elmers End
Southeastern,Denmark Hill,Peckham Rye
Southeastern,Deptford,Greenwich
Southeastern,Eden Park,West Wickham
Southeastern,Elmers End,Eden Park
Southeastern,Elmstead Woods,Chislehurst
Southern,South Merton,Morden South
Southern,St Helier,Sutton Common
Southern,Streatham,Mitcham Eastfields
Southern,Streatham,Streatham Common
Southern,Streatham Common,Norbury
Southern,Streatham Hill,West Norwood
Southern,Sutton,Belmont
Southern,Sutton,Cheam
Southern,Sutton Common,West Sutton
Southern,South Croydon,Sanderstead
Southern,South Croydon,Purley Oaks
Southern,South Bermondsey,London Bridge
Southern,Purley,Reedham
Southern,Purley Oaks,Purley
Southern,Queens Road Peckham,South Bermondsey
Southern,Reedham,Coulsdon Town
Southern,Riddlesdown,Upper Warlingham
Southern,Sanderstead,Riddlesdown
Southern,Selhurst,East Croydon
Southern,Selhurst,West Croydon
Southern,Shepherds Bush,Wembley Central
Southern,Sydenham,Crystal Palace
Southern,Sydenham,Penge West
Southern,West Brompton,Kensington (Olympia)
Southern,West Croydon,Waddon
Southern,West Norwood,Streatham Hill
Southern,West Norwood,Tulse Hill
Southern,West Sutton,Sutton
Southern,Whyteleafe,Whyteleafe South
Southern,Whyteleafe South,Caterham
Southern,Wimbledon,Wimbledon Chase
Southern,Wimbledon Chase,South Merton
Southern,Wembley Central,Harrow and Wealdstone
Southern,Wandsworth Common,Balham
Southern,Tadworth,Tattenham Corner
Southern,Thornton Heath,Selhurst
Southern,Tooting,Haydons Road
Southern,Tulse Hill,North Dulwich
Southern,Tulse Hill,Streatham
Southern,Tulse Hill,Streatham Hill
Southern,Victoria,Battersea Park
Southern,Waddon,Wallington
Southern,Wallington,Carshalton Beeches
Southern,Woodmansterne,Chipstead
Southern,Anerley,Norwood Junction
Southern,Cheam,Ewell East
Southern,Chipstead,Kingswood
Southern,Clapham Junction,Imperial Wharf
Southern,Clapham Junction,Wandsworth Common
Southern,Coulsdon Town,Woodmansterne
Southern,Crystal Palace,Birkbeck
Southern,Crystal Palace,Gipsy Hill
Southern,East Croydon,South Croydon
Southern,East Dulwich,Peckham Rye
Southern,Carshalton Beeches,Sutton
Southern,Carshalton,Sutton
Southern,Balham,Mitcham Eastfields
Southern,Balham,Streatham Common
Southern,Balham,Streatham Hill
Southern,Balham,Tooting
Southern,Banstead,Epsom Downs
Southern,Battersea Park,Clapham Junction
Southern,Belmont,Banstead
Southern,Birkbeck,Beckenham Junction
Southern,Brockley,Honor Oak Park
Southern,Forest Hill,Sydenham
Southern,Gipsy Hill,West Norwood
Southern,New Cross Gate,Brockley
Southern,Norbury,Thornton Heath
Southern,North Dulwich,East Dulwich
Southern,Norwood Junction,East Croydon
Southern,Norwood Junction,West Croydon
Southern,Peckham Rye,Queens Road Peckham
Southern,Penge West,Anerley
Southern,Purley,Coulsdon South
Southern,Purley,Kenley
Southern,Morden South,St Helier
Southern,Mitcham Junction,Hackbridge
Southern,Mitcham Eastfields,Mitcham Junction
Southern,Hackbridge,Carshalton
Southern,Harrow and Wealdstone,Watford Junction
Southern,Haydons Road,Wimbledon
Southern,Honor Oak Park,Forest Hill
Southern,Imperial Wharf,West Brompton
Southern,Kenley,Whyteleafe
Southern,Kensington (Olympia),Shepherds Bush
Southern,Kingswood,Tadworth
Southern,London Bridge,New Cross Gate
TfL Rail,Ilford,Seven Kings
TfL Rail,Liverpool Street,Stratford
TfL Rail,Manor Park,Ilford
TfL Rail,Maryland,Forest Gate
TfL Rail,Romford,Gidea Park
TfL Rail,Seven Kings,Goodmayes
TfL Rail,Southall,Hanwell
TfL Rail,Stratford,Maryland
TfL Rail,West Ealing,Ealing Broadway
TfL Rail,Heathrow Terminals 1 2 3,Hayes and Harlington
TfL Rail,Heathrow Terminal 4,Heathrow Terminals 1 2 3
TfL Rail,Hayes and Harlington,Southall
TfL Rail,Acton Main Line,Paddington
TfL Rail,Brentwood,Shenfield
TfL Rail,Chadwell Heath,Romford
TfL Rail,Ealing Broadway,Acton Main Line
TfL Rail,Forest Gate,Manor Park
TfL Rail,Gidea Park,Harold Wood
TfL Rail,Goodmayes,Chadwell Heath
TfL Rail,Hanwell,West Ealing
TfL Rail,Harold Wood,Brentwood
Thameslink,St Helier,Morden South
Thameslink,South Merton,Wimbledon Chase
Thameslink,Shortlands,Ravensbourne
Thameslink,Shortlands,Beckenham Junction
Thameslink,Ravensbourne,Beckenham Hill
Thameslink,Purley,Coulsdon South
Thameslink,Petts Wood,Bickley
Thameslink,Penge East,Sydenham Hill
Thameslink,Peckham Rye,Denmark Hill
Thameslink,Orpington,Petts Wood
Thameslink,Nunhead,Peckham Rye
Thameslink,St Mary Cray,Bickley
Thameslink,St Pancras,Kentish Town
Thameslink,Streatham,Mitcham Eastfields
Thameslink,Wimbledon Chase,Wimbledon
Thameslink,Wimbledon,Haydons Road
Thameslink,West Sutton,Sutton Common
Thameslink,West Hampstead Thameslink,Cricklewood
Thameslink,West Dulwich,Herne Hill
Thameslink,Tulse Hill,Streatham
Thameslink,Tulse Hill,East Croydon
Thameslink,Tooting,Streatham
Thameslink,Sydenham Hill,West Dulwich
Thameslink,Sutton Common,St Helier
Thameslink,Sutton,West Sutton
Thameslink,Morden South,South Merton
Thameslink,Mitcham Junction,Hackbridge
Thameslink,Beckenham Hill,Bellingham
Thameslink,Denmark Hill,Elephant and Castle
Thameslink,Crofton Park,Nunhead
Thameslink,Cricklewood,Hendon
Thameslink,City Thameslink,Farringdon
Thameslink,Catford,Crofton Park
Thameslink,Carshalton,Sutton
Thameslink,Bromley South,Shortlands
Thameslink,Blackfriars,City Thameslink
Thameslink,Bickley,Bromley South
Thameslink,Bellingham,Catford
Thameslink,Beckenham Junction,Kent House
Thameslink,East Croydon,Purley
Thameslink,Elephant and Castle,Blackfriars
Thameslink,Mitcham Eastfields,Mitcham Junction
Thameslink,Mill Hill Broadway,Elstree and Borehamwood
Thameslink,Loughborough Junction,Elephant and Castle
Thameslink,London Bridge,East Croydon
Thameslink,Kentish Town,West Hampstead Thameslink
Thameslink,Kent House,Penge East
Thameslink,Herne Hill,Tulse Hill
Thameslink,Farringdon,St Pancras
Thameslink,Hackbridge,Carshalton
Thameslink,Haydons Road,Tooting
Thameslink,Hendon,Mill Hill Broadway
Thameslink,Herne Hill,Loughborough Junction
Tramlink,Coombe Lane,Gravel Hill
Tramlink,Dundonald Road,Merton Park
Tramlink,East Croydon,George Street
Tramlink,East Croydon,Lebanon Road
Tramlink,Fieldway,King Henry's Drive
Tramlink,George Street,Church Street
Tramlink,Gravel Hill,Addington Village
Tramlink,Harrington Road,Birkbeck
Tramlink,King Henry's Drive,New Addington
Tramlink,Lebanon Road,Sandilands
Tramlink,Lloyd Park,Coombe Lane
Tramlink,Church Street,Centrale
Tramlink,Centrale,West Croydon
Tramlink,Addington Village,Fieldway
Tramlink,Addiscombe,Blackhorse Lane
Tramlink,Ampere Way,Waddon Marsh
Tramlink,Arena,Elmers End
Tramlink,Arena,Harrington Road
Tramlink,Avenue Road,Beckenham Road
Tramlink,Beckenham Road,Beckenham Junction
Tramlink,Beddington Lane,Therapia Lane
Tramlink,Belgrave Walk,Mitcham
Tramlink,Birkbeck,Avenue Road
Tramlink,Blackhorse Lane,Woodside
Tramlink,Merton Park,Morden Road
Tramlink,Mitcham,Mitcham Junction
Tramlink,Woodside,Arena
Tramlink,Wimbledon,Dundonald Road
Tramlink,West Croydon,Wellesley Road
Tramlink,Wellesley Road,East Croydon
Tramlink,Wandle Park,Reeves Corner
Tramlink,Waddon Marsh,Wandle Park
Tramlink,Therapia Lane,Ampere Way
Tramlink,Sandilands,Lloyd Park
Tramlink,Sandilands,Addiscombe
Tramlink,Reeves Corner,Centrale
Tramlink,Phipps Bridge,Belgrave Walk
Tramlink,Morden Road,Phipps Bridge
Tramlink,Mitcham Junction,Beddington Lane
Victoria,Stockwell,Brixton
Victoria,Tottenham Hale,Seven Sisters
Victoria,Vauxhall,Stockwell
Victoria,Victoria,Pimlico
Victoria,Walthamstow Central,Blackhorse Road
Victoria,Warren Street,Oxford Circus
Victoria,Seven Sisters,Finsbury Park
Victoria,Pimlico,Vauxhall
Victoria,Oxford Circus,Green Park
Victoria,Kings Cross St. Pancras,Euston
Victoria,Highbury and Islington,Kings Cross St. Pancras
Victoria,Green Park,Victoria
Victoria,Finsbury Park,Highbury and Islington
Victoria,Euston,Warren Street
Victoria,Blackhorse Road,Tottenham Hale
Waterloo and City,Waterloo,Bank
